N°,APELLIDO,NOMBRE,DNI,MAIL
0,Requena,Adelia,499-87-1823,danielcarranza@example.org
1,Garzón,Gonzalo,621-36-9759,acevedotrini@example.net
2,Valenciano,Adelaida,747-96-8324,tellezamaro@example.net
3,Méndez,Espiridión,216-22-9988,vanesa18@example.org
4,Céspedes,Carlito,975-60-9188,igras@example.com
5,Campillo,Edmundo,214-19-4165,chema82@example.com
6,Fuertes,María Pilar,173-75-9655,sorianozaida@example.net
7,Pastor,Javi,326-73-9796,elorzaruth@example.net
8,Morante,Emigdio,328-81-3787,goicoecheapepito@example.org
9,Abril,Urbano,848-33-6801,humbertoalvarez@example.org
